class	path
com.netflix.eureka.EurekaServerContext	/private/tmp/projects/eureka/eureka-core/src/main/java/com/netflix/eureka/EurekaServerContext.java
com.netflix.eureka.EurekaServerConfig	/private/tmp/projects/eureka/eureka-core/src/main/java/com/netflix/eureka/EurekaServerConfig.java
com.netflix.eureka.cluster.PeerEurekaNodes	/private/tmp/projects/eureka/eureka-core/src/main/java/com/netflix/eureka/cluster/PeerEurekaNodes.java
com.netflix.eureka.cluster.PeerEurekaNodes$1	/private/tmp/projects/eureka/eureka-core/src/main/java/com/netflix/eureka/cluster/PeerEurekaNodes.java
com.netflix.eureka.cluster.PeerEurekaNodes$2	/private/tmp/projects/eureka/eureka-core/src/main/java/com/netflix/eureka/cluster/PeerEurekaNodes.java
com.netflix.eureka.resources.ServerCodecs	/private/tmp/projects/eureka/eureka-core/src/main/java/com/netflix/eureka/resources/ServerCodecs.java
com.netflix.eureka.registry.PeerAwareInstanceRegistry	/private/tmp/projects/eureka/eureka-core/src/main/java/com/netflix/eureka/registry/PeerAwareInstanceRegistry.java
com.netflix.eureka.registry.InstanceRegistry	/private/tmp/projects/eureka/eureka-core/src/main/java/com/netflix/eureka/registry/InstanceRegistry.java
com.netflix.eureka.lease.LeaseManager	/private/tmp/projects/eureka/eureka-core/src/main/java/com/netflix/eureka/lease/LeaseManager.java
com.netflix.eureka.resources.ASGResource	/private/tmp/projects/eureka/eureka-core/src/main/java/com/netflix/eureka/resources/ASGResource.java
com.netflix.eureka.resources.ASGResource$ASGStatus	/private/tmp/projects/eureka/eureka-core/src/main/java/com/netflix/eureka/resources/ASGResource.java
com.netflix.eureka.aws.AwsAsgUtil	/private/tmp/projects/eureka/eureka-core/src/main/java/com/netflix/eureka/aws/AwsAsgUtil.java
com.netflix.eureka.aws.AwsAsgUtil$1	/private/tmp/projects/eureka/eureka-core/src/main/java/com/netflix/eureka/aws/AwsAsgUtil.java
com.netflix.eureka.aws.AwsAsgUtil$2	/private/tmp/projects/eureka/eureka-core/src/main/java/com/netflix/eureka/aws/AwsAsgUtil.java
com.netflix.eureka.aws.AwsAsgUtil$2$1	/private/tmp/projects/eureka/eureka-core/src/main/java/com/netflix/eureka/aws/AwsAsgUtil.java
com.netflix.eureka.aws.AwsAsgUtil$3	/private/tmp/projects/eureka/eureka-core/src/main/java/com/netflix/eureka/aws/AwsAsgUtil.java
com.netflix.eureka.aws.AwsAsgUtil$CacheKey	/private/tmp/projects/eureka/eureka-core/src/main/java/com/netflix/eureka/aws/AwsAsgUtil.java
com.netflix.eureka.aws.AsgClient	/private/tmp/projects/eureka/eureka-core/src/main/java/com/netflix/eureka/aws/AsgClient.java
com.netflix.eureka.registry.ResponseCache	/private/tmp/projects/eureka/eureka-core/src/main/java/com/netflix/eureka/registry/ResponseCache.java
com.netflix.eureka.registry.Key	/private/tmp/projects/eureka/eureka-core/src/main/java/com/netflix/eureka/registry/Key.java
com.netflix.eureka.registry.Key$KeyType	/private/tmp/projects/eureka/eureka-core/src/main/java/com/netflix/eureka/registry/Key.java
com.netflix.eureka.registry.Key$EntityType	/private/tmp/projects/eureka/eureka-core/src/main/java/com/netflix/eureka/registry/Key.java
com.netflix.eureka.Version	/private/tmp/projects/eureka/eureka-core/src/main/java/com/netflix/eureka/Version.java
com.netflix.eureka.Names	/private/tmp/projects/eureka/eureka-core/src/main/java/com/netflix/eureka/Names.java
com.netflix.eureka.registry.PeerAwareInstanceRegistryImpl	/private/tmp/projects/eureka/eureka-core/src/main/java/com/netflix/eureka/registry/PeerAwareInstanceRegistryImpl.java
com.netflix.eureka.registry.PeerAwareInstanceRegistryImpl$Action	/private/tmp/projects/eureka/eureka-core/src/main/java/com/netflix/eureka/registry/PeerAwareInstanceRegistryImpl.java
com.netflix.eureka.registry.PeerAwareInstanceRegistryImpl$1	/private/tmp/projects/eureka/eureka-core/src/main/java/com/netflix/eureka/registry/PeerAwareInstanceRegistryImpl.java
com.netflix.eureka.registry.PeerAwareInstanceRegistryImpl$2	/private/tmp/projects/eureka/eureka-core/src/main/java/com/netflix/eureka/registry/PeerAwareInstanceRegistryImpl.java
com.netflix.eureka.cluster.PeerEurekaNode	/private/tmp/projects/eureka/eureka-core/src/main/java/com/netflix/eureka/cluster/PeerEurekaNode.java
com.netflix.eureka.cluster.PeerEurekaNode$1	/private/tmp/projects/eureka/eureka-core/src/main/java/com/netflix/eureka/cluster/PeerEurekaNode.java
com.netflix.eureka.cluster.PeerEurekaNode$2	/private/tmp/projects/eureka/eureka-core/src/main/java/com/netflix/eureka/cluster/PeerEurekaNode.java
com.netflix.eureka.cluster.PeerEurekaNode$3	/private/tmp/projects/eureka/eureka-core/src/main/java/com/netflix/eureka/cluster/PeerEurekaNode.java
com.netflix.eureka.cluster.PeerEurekaNode$4	/private/tmp/projects/eureka/eureka-core/src/main/java/com/netflix/eureka/cluster/PeerEurekaNode.java
com.netflix.eureka.cluster.PeerEurekaNode$5	/private/tmp/projects/eureka/eureka-core/src/main/java/com/netflix/eureka/cluster/PeerEurekaNode.java
com.netflix.eureka.cluster.PeerEurekaNode$6	/private/tmp/projects/eureka/eureka-core/src/main/java/com/netflix/eureka/cluster/PeerEurekaNode.java
com.netflix.eureka.util.EurekaMonitors	/private/tmp/projects/eureka/eureka-core/src/main/java/com/netflix/eureka/util/EurekaMonitors.java
com.netflix.eureka.registry.AbstractInstanceRegistry	/private/tmp/projects/eureka/eureka-core/src/main/java/com/netflix/eureka/registry/AbstractInstanceRegistry.java
com.netflix.eureka.registry.AbstractInstanceRegistry$RecentlyChangedItem	/private/tmp/projects/eureka/eureka-core/src/main/java/com/netflix/eureka/registry/AbstractInstanceRegistry.java
com.netflix.eureka.registry.AbstractInstanceRegistry$EvictionTask	/private/tmp/projects/eureka/eureka-core/src/main/java/com/netflix/eureka/registry/AbstractInstanceRegistry.java
com.netflix.eureka.registry.AbstractInstanceRegistry$CircularQueue	/private/tmp/projects/eureka/eureka-core/src/main/java/com/netflix/eureka/registry/AbstractInstanceRegistry.java
com.netflix.eureka.registry.AbstractInstanceRegistry$1	/private/tmp/projects/eureka/eureka-core/src/main/java/com/netflix/eureka/registry/AbstractInstanceRegistry.java
com.netflix.eureka.cluster.HttpReplicationClient	/private/tmp/projects/eureka/eureka-core/src/main/java/com/netflix/eureka/cluster/HttpReplicationClient.java
com.netflix.eureka.util.batcher.TaskDispatcher	/private/tmp/projects/eureka/eureka-core/src/main/java/com/netflix/eureka/util/batcher/TaskDispatcher.java
com.netflix.eureka.cluster.ReplicationTask	/private/tmp/projects/eureka/eureka-core/src/main/java/com/netflix/eureka/cluster/ReplicationTask.java
com.netflix.eureka.cluster.protocol.ReplicationList	/private/tmp/projects/eureka/eureka-core/src/main/java/com/netflix/eureka/cluster/protocol/ReplicationList.java
com.netflix.eureka.cluster.protocol.ReplicationListResponse	/private/tmp/projects/eureka/eureka-core/src/main/java/com/netflix/eureka/cluster/protocol/ReplicationListResponse.java
com.netflix.eureka.cluster.protocol.ReplicationInstanceResponse	/private/tmp/projects/eureka/eureka-core/src/main/java/com/netflix/eureka/cluster/protocol/ReplicationInstanceResponse.java
com.netflix.eureka.cluster.protocol.ReplicationInstanceResponse$Builder	/private/tmp/projects/eureka/eureka-core/src/main/java/com/netflix/eureka/cluster/protocol/ReplicationInstanceResponse.java
com.netflix.eureka.cluster.protocol.ReplicationInstance	/private/tmp/projects/eureka/eureka-core/src/main/java/com/netflix/eureka/cluster/protocol/ReplicationInstance.java
com.netflix.eureka.cluster.protocol.ReplicationInstance$ReplicationInstanceBuilder	/private/tmp/projects/eureka/eureka-core/src/main/java/com/netflix/eureka/cluster/protocol/ReplicationInstance.java
com.netflix.eureka.util.MeasuredRate	/private/tmp/projects/eureka/eureka-core/src/main/java/com/netflix/eureka/util/MeasuredRate.java
com.netflix.eureka.util.MeasuredRate$1	/private/tmp/projects/eureka/eureka-core/src/main/java/com/netflix/eureka/util/MeasuredRate.java
com.netflix.eureka.registry.rule.InstanceStatusOverrideRule	/private/tmp/projects/eureka/eureka-core/src/main/java/com/netflix/eureka/registry/rule/InstanceStatusOverrideRule.java
com.netflix.eureka.lease.Lease	/private/tmp/projects/eureka/eureka-core/src/main/java/com/netflix/eureka/lease/Lease.java
com.netflix.eureka.lease.Lease$Action	/private/tmp/projects/eureka/eureka-core/src/main/java/com/netflix/eureka/lease/Lease.java
com.netflix.eureka.registry.rule.StatusOverrideResult	/private/tmp/projects/eureka/eureka-core/src/main/java/com/netflix/eureka/registry/rule/StatusOverrideResult.java
com.netflix.eureka.registry.RemoteRegionRegistry	/private/tmp/projects/eureka/eureka-core/src/main/java/com/netflix/eureka/registry/RemoteRegionRegistry.java
com.netflix.eureka.registry.RemoteRegionRegistry$1	/private/tmp/projects/eureka/eureka-core/src/main/java/com/netflix/eureka/registry/RemoteRegionRegistry.java
com.netflix.eureka.aws.AwsBindingStrategy	/private/tmp/projects/eureka/eureka-core/src/main/java/com/netflix/eureka/aws/AwsBindingStrategy.java
com.netflix.eureka.RateLimitingFilter	/private/tmp/projects/eureka/eureka-core/src/main/java/com/netflix/eureka/RateLimitingFilter.java
com.netflix.eureka.RateLimitingFilter$Target	/private/tmp/projects/eureka/eureka-core/src/main/java/com/netflix/eureka/RateLimitingFilter.java
com.netflix.eureka.cluster.InstanceReplicationTask	/private/tmp/projects/eureka/eureka-core/src/main/java/com/netflix/eureka/cluster/InstanceReplicationTask.java
com.netflix.eureka.cluster.DynamicGZIPContentEncodingFilter	/private/tmp/projects/eureka/eureka-core/src/main/java/com/netflix/eureka/cluster/DynamicGZIPContentEncodingFilter.java
com.netflix.eureka.cluster.DynamicGZIPContentEncodingFilter$GzipAdapter	/private/tmp/projects/eureka/eureka-core/src/main/java/com/netflix/eureka/cluster/DynamicGZIPContentEncodingFilter.java
com.netflix.eureka.cluster.AsgReplicationTask	/private/tmp/projects/eureka/eureka-core/src/main/java/com/netflix/eureka/cluster/AsgReplicationTask.java
com.netflix.eureka.cluster.ReplicationTaskProcessor	/private/tmp/projects/eureka/eureka-core/src/main/java/com/netflix/eureka/cluster/ReplicationTaskProcessor.java
com.netflix.eureka.util.batcher.TaskProcessor	/private/tmp/projects/eureka/eureka-core/src/main/java/com/netflix/eureka/util/batcher/TaskProcessor.java
com.netflix.eureka.util.batcher.TaskProcessor$ProcessingResult	/private/tmp/projects/eureka/eureka-core/src/main/java/com/netflix/eureka/util/batcher/TaskProcessor.java
com.netflix.eureka.EurekaBootStrap	/private/tmp/projects/eureka/eureka-core/src/main/java/com/netflix/eureka/EurekaBootStrap.java
com.netflix.eureka.aws.AwsBinder	/private/tmp/projects/eureka/eureka-core/src/main/java/com/netflix/eureka/aws/AwsBinder.java
com.netflix.eureka.Initializer	/private/tmp/projects/eureka/eureka-core/src/main/java/com/netflix/eureka/Initializer.java
com.netflix.eureka.transport.EurekaServerHttpClients	/private/tmp/projects/eureka/eureka-core/src/main/java/com/netflix/eureka/transport/EurekaServerHttpClients.java
com.netflix.eureka.transport.EurekaServerHttpClients$1	/private/tmp/projects/eureka/eureka-core/src/main/java/com/netflix/eureka/transport/EurekaServerHttpClients.java
com.netflix.eureka.transport.JerseyReplicationClient	/private/tmp/projects/eureka/eureka-core/src/main/java/com/netflix/eureka/transport/JerseyReplicationClient.java
com.netflix.eureka.transport.JerseyRemoteRegionClientFactory	/private/tmp/projects/eureka/eureka-core/src/main/java/com/netflix/eureka/transport/JerseyRemoteRegionClientFactory.java
com.netflix.eureka.util.StatusInfo	/private/tmp/projects/eureka/eureka-core/src/main/java/com/netflix/eureka/util/StatusInfo.java
com.netflix.eureka.util.StatusInfo$Builder	/private/tmp/projects/eureka/eureka-core/src/main/java/com/netflix/eureka/util/StatusInfo.java
com.netflix.eureka.util.ServoControl	/private/tmp/projects/eureka/eureka-core/src/main/java/com/netflix/eureka/util/ServoControl.java
com.netflix.eureka.util.StatusUtil	/private/tmp/projects/eureka/eureka-core/src/main/java/com/netflix/eureka/util/StatusUtil.java
com.netflix.eureka.util.batcher.AcceptorExecutor	/private/tmp/projects/eureka/eureka-core/src/main/java/com/netflix/eureka/util/batcher/AcceptorExecutor.java
com.netflix.eureka.util.batcher.AcceptorExecutor$AcceptorRunner	/private/tmp/projects/eureka/eureka-core/src/main/java/com/netflix/eureka/util/batcher/AcceptorExecutor.java
com.netflix.eureka.util.batcher.TaskHolder	/private/tmp/projects/eureka/eureka-core/src/main/java/com/netflix/eureka/util/batcher/TaskHolder.java
com.netflix.eureka.util.batcher.TrafficShaper	/private/tmp/projects/eureka/eureka-core/src/main/java/com/netflix/eureka/util/batcher/TrafficShaper.java
com.netflix.eureka.util.batcher.TaskDispatchers	/private/tmp/projects/eureka/eureka-core/src/main/java/com/netflix/eureka/util/batcher/TaskDispatchers.java
com.netflix.eureka.util.batcher.TaskDispatchers$1	/private/tmp/projects/eureka/eureka-core/src/main/java/com/netflix/eureka/util/batcher/TaskDispatchers.java
com.netflix.eureka.util.batcher.TaskDispatchers$2	/private/tmp/projects/eureka/eureka-core/src/main/java/com/netflix/eureka/util/batcher/TaskDispatchers.java
com.netflix.eureka.util.batcher.TaskExecutors	/private/tmp/projects/eureka/eureka-core/src/main/java/com/netflix/eureka/util/batcher/TaskExecutors.java
com.netflix.eureka.util.batcher.TaskExecutors$TaskExecutorMetrics	/private/tmp/projects/eureka/eureka-core/src/main/java/com/netflix/eureka/util/batcher/TaskExecutors.java
com.netflix.eureka.util.batcher.TaskExecutors$WorkerRunnableFactory	/private/tmp/projects/eureka/eureka-core/src/main/java/com/netflix/eureka/util/batcher/TaskExecutors.java
com.netflix.eureka.util.batcher.TaskExecutors$WorkerRunnable	/private/tmp/projects/eureka/eureka-core/src/main/java/com/netflix/eureka/util/batcher/TaskExecutors.java
com.netflix.eureka.util.batcher.TaskExecutors$BatchWorkerRunnable	/private/tmp/projects/eureka/eureka-core/src/main/java/com/netflix/eureka/util/batcher/TaskExecutors.java
com.netflix.eureka.util.batcher.TaskExecutors$SingleTaskWorkerRunnable	/private/tmp/projects/eureka/eureka-core/src/main/java/com/netflix/eureka/util/batcher/TaskExecutors.java
com.netflix.eureka.resources.DefaultServerCodecs	/private/tmp/projects/eureka/eureka-core/src/main/java/com/netflix/eureka/resources/DefaultServerCodecs.java
com.netflix.eureka.resources.DefaultServerCodecs$Builder	/private/tmp/projects/eureka/eureka-core/src/main/java/com/netflix/eureka/resources/DefaultServerCodecs.java
com.netflix.eureka.resources.ServerInfoResource	/private/tmp/projects/eureka/eureka-core/src/main/java/com/netflix/eureka/resources/ServerInfoResource.java
com.netflix.eureka.resources.VIPResource	/private/tmp/projects/eureka/eureka-core/src/main/java/com/netflix/eureka/resources/VIPResource.java
com.netflix.eureka.resources.AbstractVIPResource	/private/tmp/projects/eureka/eureka-core/src/main/java/com/netflix/eureka/resources/AbstractVIPResource.java
com.netflix.eureka.resources.StatusResource	/private/tmp/projects/eureka/eureka-core/src/main/java/com/netflix/eureka/resources/StatusResource.java
com.netflix.eureka.resources.SecureVIPResource	/private/tmp/projects/eureka/eureka-core/src/main/java/com/netflix/eureka/resources/SecureVIPResource.java
com.netflix.eureka.resources.InstanceResource	/private/tmp/projects/eureka/eureka-core/src/main/java/com/netflix/eureka/resources/InstanceResource.java
com.netflix.eureka.resources.ApplicationResource	/private/tmp/projects/eureka/eureka-core/src/main/java/com/netflix/eureka/resources/ApplicationResource.java
com.netflix.eureka.resources.PeerReplicationResource	/private/tmp/projects/eureka/eureka-core/src/main/java/com/netflix/eureka/resources/PeerReplicationResource.java
com.netflix.eureka.resources.ApplicationsResource	/private/tmp/projects/eureka/eureka-core/src/main/java/com/netflix/eureka/resources/ApplicationsResource.java
com.netflix.eureka.resources.InstancesResource	/private/tmp/projects/eureka/eureka-core/src/main/java/com/netflix/eureka/resources/InstancesResource.java
com.netflix.eureka.resources.CurrentRequestVersion	/private/tmp/projects/eureka/eureka-core/src/main/java/com/netflix/eureka/resources/CurrentRequestVersion.java
com.netflix.eureka.ServerRequestAuthFilter	/private/tmp/projects/eureka/eureka-core/src/main/java/com/netflix/eureka/ServerRequestAuthFilter.java
com.netflix.eureka.DefaultEurekaServerContext	/private/tmp/projects/eureka/eureka-core/src/main/java/com/netflix/eureka/DefaultEurekaServerContext.java
com.netflix.eureka.NullUnmarked	/private/tmp/projects/eureka/eureka-core/src/main/java/com/netflix/eureka/NullUnmarked.java
com.netflix.eureka.registry.rule.AlwaysMatchInstanceStatusRule	/private/tmp/projects/eureka/eureka-core/src/main/java/com/netflix/eureka/registry/rule/AlwaysMatchInstanceStatusRule.java
com.netflix.eureka.registry.rule.AsgEnabledRule	/private/tmp/projects/eureka/eureka-core/src/main/java/com/netflix/eureka/registry/rule/AsgEnabledRule.java
com.netflix.eureka.registry.rule.LeaseExistsRule	/private/tmp/projects/eureka/eureka-core/src/main/java/com/netflix/eureka/registry/rule/LeaseExistsRule.java
com.netflix.eureka.registry.rule.DownOrStartingRule	/private/tmp/projects/eureka/eureka-core/src/main/java/com/netflix/eureka/registry/rule/DownOrStartingRule.java
com.netflix.eureka.registry.rule.OverrideExistsRule	/private/tmp/projects/eureka/eureka-core/src/main/java/com/netflix/eureka/registry/rule/OverrideExistsRule.java
com.netflix.eureka.registry.rule.FirstMatchWinsCompositeRule	/private/tmp/projects/eureka/eureka-core/src/main/java/com/netflix/eureka/registry/rule/FirstMatchWinsCompositeRule.java
com.netflix.eureka.registry.AwsInstanceRegistry	/private/tmp/projects/eureka/eureka-core/src/main/java/com/netflix/eureka/registry/AwsInstanceRegistry.java
com.netflix.eureka.registry.ResponseCacheImpl	/private/tmp/projects/eureka/eureka-core/src/main/java/com/netflix/eureka/registry/ResponseCacheImpl.java
com.netflix.eureka.registry.ResponseCacheImpl$1	/private/tmp/projects/eureka/eureka-core/src/main/java/com/netflix/eureka/registry/ResponseCacheImpl.java
com.netflix.eureka.registry.ResponseCacheImpl$3	/private/tmp/projects/eureka/eureka-core/src/main/java/com/netflix/eureka/registry/ResponseCacheImpl.java
com.netflix.eureka.registry.ResponseCacheImpl$2	/private/tmp/projects/eureka/eureka-core/src/main/java/com/netflix/eureka/registry/ResponseCacheImpl.java
com.netflix.eureka.registry.ResponseCacheImpl$4	/private/tmp/projects/eureka/eureka-core/src/main/java/com/netflix/eureka/registry/ResponseCacheImpl.java
com.netflix.eureka.registry.ResponseCacheImpl$Value	/private/tmp/projects/eureka/eureka-core/src/main/java/com/netflix/eureka/registry/ResponseCacheImpl.java
com.netflix.eureka.aws.Route53Binder	/private/tmp/projects/eureka/eureka-core/src/main/java/com/netflix/eureka/aws/Route53Binder.java
com.netflix.eureka.aws.Route53Binder$1	/private/tmp/projects/eureka/eureka-core/src/main/java/com/netflix/eureka/aws/Route53Binder.java
com.netflix.eureka.aws.Route53Binder$ResourceRecordSetWithHostedZone	/private/tmp/projects/eureka/eureka-core/src/main/java/com/netflix/eureka/aws/Route53Binder.java
com.netflix.eureka.aws.ElasticNetworkInterfaceBinder	/private/tmp/projects/eureka/eureka-core/src/main/java/com/netflix/eureka/aws/ElasticNetworkInterfaceBinder.java
com.netflix.eureka.aws.ElasticNetworkInterfaceBinder$1	/private/tmp/projects/eureka/eureka-core/src/main/java/com/netflix/eureka/aws/ElasticNetworkInterfaceBinder.java
com.netflix.eureka.aws.ElasticNetworkInterfaceBinder$IPBindingTask	/private/tmp/projects/eureka/eureka-core/src/main/java/com/netflix/eureka/aws/ElasticNetworkInterfaceBinder.java
com.netflix.eureka.aws.AwsBinderDelegate	/private/tmp/projects/eureka/eureka-core/src/main/java/com/netflix/eureka/aws/AwsBinderDelegate.java
com.netflix.eureka.aws.EIPManager	/private/tmp/projects/eureka/eureka-core/src/main/java/com/netflix/eureka/aws/EIPManager.java
com.netflix.eureka.aws.EIPManager$EIPBindingTask	/private/tmp/projects/eureka/eureka-core/src/main/java/com/netflix/eureka/aws/EIPManager.java
com.netflix.eureka.DefaultEurekaServerConfig	/private/tmp/projects/eureka/eureka-core/src/main/java/com/netflix/eureka/DefaultEurekaServerConfig.java
com.netflix.eureka.V1AwareInstanceInfoConverter	/private/tmp/projects/eureka/eureka-core/src/main/java/com/netflix/eureka/V1AwareInstanceInfoConverter.java
com.netflix.eureka.GzipEncodingEnforcingFilter	/private/tmp/projects/eureka/eureka-core/src/main/java/com/netflix/eureka/GzipEncodingEnforcingFilter.java
com.netflix.eureka.GzipEncodingEnforcingFilter$1	/private/tmp/projects/eureka/eureka-core/src/main/java/com/netflix/eureka/GzipEncodingEnforcingFilter.java
com.netflix.eureka.GzipEncodingEnforcingFilter$EnumWrapper	/private/tmp/projects/eureka/eureka-core/src/main/java/com/netflix/eureka/GzipEncodingEnforcingFilter.java
com.netflix.eureka.EurekaServerContextHolder	/private/tmp/projects/eureka/eureka-core/src/main/java/com/netflix/eureka/EurekaServerContextHolder.java
com.netflix.eureka.StatusFilter	/private/tmp/projects/eureka/eureka-core/src/main/java/com/netflix/eureka/StatusFilter.java
com.netflix.eureka.EurekaServerIdentity	/private/tmp/projects/eureka/eureka-core/src/main/java/com/netflix/eureka/EurekaServerIdentity.java
